./pic/Pizzalar/4-peynirli-yicem.jpg | Pizzalar | 4-peynirli-yicem
./pic/Pizzalar/brokoli-yicem.jpg | Pizzalar | brokoli-yicem
./pic/Pizzalar/diavola-yicem.jpg | Pizzalar | diavola-yicem
./pic/Pizzalar/donerli-yicem.jpg | Pizzalar | donerli-yicem
./pic/Pizzalar/ıspanak-tulum-yicem.jpg | Pizzalar | ispanak-tulum-yicem
./pic/Pizzalar/kavurmali-yicem.jpg | Pizzalar | kavurmali-yicem
./pic/Pizzalar/klasik-yicem.jpg | Pizzalar | klasik-yicem
./pic/Pizzalar/margarita.jpg | Pizzalar | margarita
./pic/Pizzalar/mix-yicem-pizza.jpg | Pizzalar | mix-yicem-pizza
./pic/Pizzalar/sosisli-yicem.jpg | Pizzalar | sosisli-yicem
./pic/Pizzalar/sucuklu-yicem.jpg | Pizzalar | sucuklu-yicem
./pic/Pizzalar/tavuklu-yicem.jpg | Pizzalar | tavuklu-yicem
./pic/Pizzalar/tonno-yicem.jpg | Pizzalar | tonno-yicem
./pic/Ayvalik-Tostu/sanayi-tostu.jpg | Ayvalik-Tostu | sanayi-tostu
./pic/Ayvalik-Tostu/soguk-sandvic.jpg | Ayvalik-Tostu | soguk-sandvic
./pic/Ayvalik-Tostu/yicem-donerli.jpg | Ayvalik-Tostu | yicem-donerli
./pic/Ayvalik-Tostu/yicem-evkofteli.jpg | Ayvalik-Tostu | yicem-evkofteli
./pic/Ayvalik-Tostu/yicem-karisik.jpg | Ayvalik-Tostu | yicem-karisik
./pic/Ayvalik-Tostu/yicem-kasarli-jambon.jpg | Ayvalik-Tostu | yicem-kasarli-jambon
./pic/Ayvalik-Tostu/yicem-kasarli.jpg | Ayvalik-Tostu | yicem-kasarli
./pic/Ayvalik-Tostu/yicem-kavurma.jpg | Ayvalik-Tostu | yicem-kavurma
./pic/Ayvalik-Tostu/yicem-mega-karisik.jpg | Ayvalik-Tostu | yicem-mega-karisik
./pic/Ayvalik-Tostu/yicem-salam.jpg | Ayvalik-Tostu | yicem-salam
./pic/Ayvalik-Tostu/yicem-schnitzel.jpg | Ayvalik-Tostu | yicem-schnitzel
./pic/Ayvalik-Tostu/yicem-sucuklu.jpg | Ayvalik-Tostu | yicem-sucuklu
./pic/Ayvalik-Tostu/yicem-super-karisik.jpg | Ayvalik-Tostu | yicem-super-karisik
./pic/Ayvalik-Tostu/yicem-yengen.jpg | Ayvalik-Tostu | yicem-yengen
./pic/Ayvalik-Tostu/yicem-yengenn.jpg | Ayvalik-Tostu | yicem-yengenn
./pic/Tavuk-Doner/3lu-tavuk-doner.jpg | Tavuk-Doner | 3lu-tavuk-doner
./pic/Tavuk-Doner/5lı-tavuk-doner.jpg | Tavuk-Doner | 5li-tavuk-doner
./pic/Tavuk-Doner/pilav-ustu-tavuk-doner.jpg | Tavuk-Doner | pilav-ustu-tavuk-doner
./pic/Tavuk-Doner/tavuk-doner-beyti.jpg | Tavuk-Doner | tavuk-doner-beyti
./pic/Tavuk-Doner/tavuk-doner-porsiyon.jpg | Tavuk-Doner | tavuk-doner-porsiyon
./pic/Tavuk-Doner/tavuk-doner.jpg | Tavuk-Doner | tavuk-doner
./pic/Tavuk-Doner/tavuk-iskender.jpg | Tavuk-Doner | tavuk-iskender
./pic/Et-Doner/3lu-etdoner.jpg | Et-Doner | 3lu-etdoner
./pic/Et-Doner/5li-etdoner.jpg | Et-Doner | 5li-etdoner
./pic/Et-Doner/ayvalik-etdoner.jpg | Et-Doner | ayvalik-etdoner
./pic/Et-Doner/et-doner-porsiyon.jpg | Et-Doner | et-doner-porsiyon
./pic/Et-Doner/et-doner.jpg | Et-Doner | et-doner
./pic/Et-Doner/et-iskender.jpg | Et-Doner | et-iskender
./pic/Et-Doner/kasarli-etdoner.jpg | Et-Doner | kasarli-etdoner
./pic/Et-Doner/pilavustu-etdoner.jpg | Et-Doner | pilavustu-etdoner
./pic/Et-Doner/soslu-doner.jpg | Et-Doner | soslu-doner
./pic/Makarnalar/alfredo.jpg | Makarnalar | alfredo
./pic/Makarnalar/arabiata.jpg | Makarnalar | arabiata
./pic/Makarnalar/bolonez.jpg | Makarnalar | bolonez
./pic/Makarnalar/manti.jpg | Makarnalar | manti
./pic/Makarnalar/Napoliten.jpg | Makarnalar | napoliten
./pic/Makarnalar/pesto.jpg | Makarnalar | pesto
./pic/Makarnalar/ton-balikli.jpg | Makarnalar | ton-balikli
./pic/Makarnalar/turkusulu.jpg | Makarnalar | turkusulu
./pic/Hamburger/cheeseburger.jpg | Hamburger | cheeseburger
./pic/Hamburger/hamburger.jpg | Hamburger | hamburger
./pic/Hamburger/tavukburger.jpg | Hamburger | tavukburger
./pic/Kofte-Spesiyel/ekmekarasi.jpg | Kofte-Spesiyel | ekmekarasi
./pic/Kofte-Spesiyel/kasarli-kofte.jpg | Kofte-Spesiyel | kasarli-kofte
./pic/Kofte-Spesiyel/sefin-izgarasi.jpg | Kofte-Spesiyel | sefin-izgarasi
./pic/Aperatifler/citir.jpg | Aperatifler | citir
./pic/Aperatifler/elmadilim.jpg | Aperatifler | elmadilim
./pic/Aperatifler/parmakpatates.jpg | Aperatifler | parmakpatates
./pic/Bistro/barbekusoslutavuk.jpg | Bistro | barbekusoslutavuk
./pic/Bistro/cafedeparis.jpg | Bistro | cafedeparis
./pic/Bistro/chicken-quesadilla.jpg | Bistro | chicken-quesadilla
./pic/Bistro/chicken-stroganoff.jpg | Bistro | chicken-stroganoff
./pic/Bistro/dagkekigi-kremali.jpg | Bistro | dagkekigi-kremali
./pic/Bistro/kasarli-mantarli-quesadilla.jpg | Bistro | kasarli-mantarli-quesadilla
./pic/Bistro/mantarli-kori-tavuk.jpg | Bistro | mantarli-kori-tavuk
./pic/Bistro/mexicanososlutavuk.jpg | Bistro | mexicanososlutavuk
./pic/Bistro/tatliacisoslutavuk.jpg | Bistro | tatliacisoslutavuk
./pic/Bistro/tavuk-wrap.jpg | Bistro | tavuk-wrap
./pic/Bistro/viyana.jpg | Bistro | viyana
./pic/Salata/baharsalata.jpg | Salata | baharsalata
./pic/Salata/citir-tavuk-salata.jpg | Salata | citir-tavuk-salata
./pic/Salata/diyet-tavuk-salata.jpg | Salata | diyet-tavuk-salata
./pic/Salata/hellim-salata.jpg | Salata | hellim-salata
./pic/Salata/sezar.jpg | Salata | sezar
./pic/Salata/tonnosalata.jpg | Salata | tonnosalata
./pic/Icecek/4lucamicecek.jpg | Icecek | 4lucamicecek
./pic/Icecek/ayran.jpg | Icecek | ayran
./pic/Icecek/cay.jpg | Icecek | cay
./pic/Icecek/cocacola.jpg | Icecek | cocacola
./pic/Icecek/fanta.jpg | Icecek | fanta
./pic/Icecek/icetea.jpg | Icecek | icetea
./pic/Icecek/litrelikicecek.jpg | Icecek | litrelikicecek
./pic/Icecek/pepsi.jpg | Icecek | pepsi
./pic/Icecek/redbull.jpg | Icecek | redbull
./pic/Icecek/salgam.jpg | Icecek | salgam
./pic/Icecek/soda.jpg | Icecek | soda
./pic/Icecek/sprite.jpg | Icecek | sprite
./pic/Icecek/su.jpg | Icecek | su
./pic/Icecek/turk-kahvesi.jpg | Icecek | turk-kahvesi
